Signature,Block Time,Human Time,Action,From,To,Amount,Flow,Value,Decimals,Token Address, Multiplier
rL5rsEQLjHE497mnhATQYxtA54shu1LPNaVCueMirvCpn5BJurUaYYUyYoXQkZQgz3S1Sa6JA7FWUjK5FeJqcbs,1739389963,2025-02-12T19:52:43.000Z,TRANSFER,7oVNk1FRocsKydRF4MP8RTy261ZVG95dwstiMxwCcatQ,GkrHWH16iawPbwUUTZYtgMV6VosYDVFY11Pt7AGvutAT,304344266,out,58.9,9,SOL,1
5nysjkFTGLNVUTbTiYLE9S8RZXY26mG6VkhXXAQMdrT4uTgcNnFHPfWAgFT5LX8x3YhDhieBBiVEr7rvnv8PgQPr,1738086575,2025-01-28T17:49:35.000Z,TRANSFER,9H8QFvpywdpwaDP6TWac3AJveHFqoxavB3f2SHwopRMS,7oVNk1FRocsKydRF4MP8RTy261ZVG95dwstiMxwCcatQ,300000000,in,70.37,9,SOL,1
5Fb47E9YCSNsSLE4Cic7AB6Aru4cMgJgxJFjDQ7hDDxju1yKiQ5QPCBh8xxmcorh6jHhFXDZRnzr6kKRh66i6wD6,1738086407,2025-01-28T17:46:47.000Z,CREATE ACCOUNT,7oVNk1FRocsKydRF4MP8RTy261ZVG95dwstiMxwCcatQ,4jf4bcp4KUe3SHJKjvaDVzNt2wJAcXBqDHJRJQwtLvKX,3563520,out,0.8359,9,SOL,1
5bwUq4HMnW45P2HrUSPrt1vrEjiri6a9AaNU2Qf5855PpHrYELQCnYDkJhQckYm3jCjpoMBLFC5FGcWu7FezkrPy,1738086372,2025-01-28T17:46:12.000Z,CREATE ACCOUNT,7oVNk1FRocsKydRF4MP8RTy261ZVG95dwstiMxwCcatQ,B2h8XAhvTwSVPTDCcgQZ7hRNFuSeoLcPbMWiT9G9AdfK,3118080,out,0.7314,9,SOL,1
5bwUq4HMnW45P2HrUSPrt1vrEjiri6a9AaNU2Qf5855PpHrYELQCnYDkJhQckYm3jCjpoMBLFC5FGcWu7FezkrPy,1738086372,2025-01-28T17:46:12.000Z,TRANSFER,7oVNk1FRocsKydRF4MP8RTy261ZVG95dwstiMxwCcatQ,BNooJUawZ4orei1PHDA8gVtKKkbNqraZFoK2dpSadLgn,2140000,out,0.502,9,SOL,1
4auRPDmYqoAjf79y18WH52zKX5JBQ9M8c3Z2Lhzu6Y6Sj9ZE8g3XGbNz1wcQmh9cP9Vx1NejhgxdtyVsSwt6Y6ZJ,1738086359,2025-01-28T17:45:59.000Z,TRANSFER,6NcCi8BVhfgsmxajTje16wztnibDq2A89eqHtSZAgEJA,7oVNk1FRocsKydRF4MP8RTy261ZVG95dwstiMxwCcatQ,2034280,in,0.4772,9,SOL,1
5h1aopEE6xsVjpAZS22wzHcc56FYze81gLgjp68TDYiCsnBchHxm3AYYaaRg9kM1hrx8hFztY53KD5rj6ymPoQ6U,1738086341,2025-01-28T17:45:41.000Z,TRANSFER,7CUVTwX4d2VnrqJQ7FYN6DpbBtRsLGtW1jW7fP9yVoH9,7oVNk1FRocsKydRF4MP8RTy261ZVG95dwstiMxwCcatQ,2007700,in,0.4735,9,SOL,1
5GP2ov6dDjfSNrcm3RNHSY8cZjDv6hvVMqXjUqjbE5eCsNszFE27Q96aabrgBiwbt2bGLD5iGQ4gJJC5gU4e2om3,1738086232,2025-01-28T17:43:52.000Z,TRANSFER,8e1QotB7teTgvKvcGpfFkmCwHazUa3KcHA2uVjsQMjqZ,7oVNk1FRocsKydRF4MP8RTy261ZVG95dwstiMxwCcatQ,2034280,in,0.4798,9,SOL,1
5oSYYfjGeaDuEuDqGvPsNAVQttKJHqfxsuYjvBQ8nRjzaejh2baoqHKjsgrgpEo2jDohCz8hUHLLk5CP9F31y9LK,1730136787,2024-10-28T17:33:07.000Z,TRANSFER,7oVNk1FRocsKydRF4MP8RTy261ZVG95dwstiMxwCcatQ,GkrHWH16iawPbwUUTZYtgMV6VosYDVFY11Pt7AGvutAT,117167875,out,20.87,9,SOL,1
hMpXrDz4FFt9QhD9TVP8euxjEXKTFNeBwfsbN3sW2VB9nYLzSXeAUrtM8AYhbMUU536G2hj5XW4Pknq5UioWv4V,1730136759,2024-10-28T17:32:39.000Z,TRANSFER,7oVNk1FRocsKydRF4MP8RTy261ZVG95dwstiMxwCcatQ,GkrHWH16iawPbwUUTZYtgMV6VosYDVFY11Pt7AGvutAT,2253634,out,2.2536,6,EPjFWdd5AufqSSqeM2qN1xzybapC8G4wEGGkZwyTDt1v,1
56x7E3HpxN6VezaQcZ1DNA8nzSkXWkDfUMx6QdyFd982jynRkCryqa7kzZuoLwthDN1GroVe8ysJbUHgdQv9QTBj,1729797970,2024-10-24T19:26:10.000Z,TRANSFER,7oVNk1FRocsKydRF4MP8RTy261ZVG95dwstiMxwCcatQ,FudPMePeNqmnjMX19zEKDfGXpbp6HAdW6ZGprB5gYRTZ,18000,out,0.018,6,EPjFWdd5AufqSSqeM2qN1xzybapC8G4wEGGkZwyTDt1v,1
56x7E3HpxN6VezaQcZ1DNA8nzSkXWkDfUMx6QdyFd982jynRkCryqa7kzZuoLwthDN1GroVe8ysJbUHgdQv9QTBj,1729797970,2024-10-24T19:26:10.000Z,TRANSFER,7oVNk1FRocsKydRF4MP8RTy261ZVG95dwstiMxwCcatQ,AHMNaeiGeSzxcgtxuEaGQZ5jEHydnvgt7psNNK9qxS7r,980000,out,0.98,6,EPjFWdd5AufqSSqeM2qN1xzybapC8G4wEGGkZwyTDt1v,1
56x7E3HpxN6VezaQcZ1DNA8nzSkXWkDfUMx6QdyFd982jynRkCryqa7kzZuoLwthDN1GroVe8ysJbUHgdQv9QTBj,1729797970,2024-10-24T19:26:10.000Z,CREATE ACCOUNT,7oVNk1FRocsKydRF4MP8RTy261ZVG95dwstiMxwCcatQ,BGhvwjwjzzAVSqE81jwp18AQDs39f2dqSb7hiDCqyWQd,2039280,out,0.3612,9,SOL,1
5YeUuFDYY2nJVT65cxHZmEyiGHohdY6ViokzA5KMPWwtV49zigf4VMUgrEwHbsr81wdngxnSitgfyWzUhv6pN6fS,1729797856,2024-10-24T19:24:16.000Z,TRANSFER,GkrHWH16iawPbwUUTZYtgMV6VosYDVFY11Pt7AGvutAT,7oVNk1FRocsKydRF4MP8RTy261ZVG95dwstiMxwCcatQ,100000000,in,17.71,9,SOL,1
gu3bMMDGn7Du6RKYGko4EduLNdMbmLoezs82Fg8GAiGp8Dyg4Xhydahuh9iu2BeK99x6ueYUKUB3PADmB9a4CeM,1729797826,2024-10-24T19:23:46.000Z,TRANSFER,7oVNk1FRocsKydRF4MP8RTy261ZVG95dwstiMxwCcatQ,45ruCyfdRkWpRNGEqWzjCiXRHkZs8WXCLQ67Pnpye7Hp,95941,out,0.017,9,So11111111111111111111111111111111111111112,1
gu3bMMDGn7Du6RKYGko4EduLNdMbmLoezs82Fg8GAiGp8Dyg4Xhydahuh9iu2BeK99x6ueYUKUB3PADmB9a4CeM,1729797826,2024-10-24T19:23:46.000Z,TRANSFER,55TucCMtiDs2k4bXcNssMRNCX7LxYPb42cauJAhpXdoQ,7oVNk1FRocsKydRF4MP8RTy261ZVG95dwstiMxwCcatQ,11287250,in,2.0006,9,So11111111111111111111111111111111111111112,1
gu3bMMDGn7Du6RKYGko4EduLNdMbmLoezs82Fg8GAiGp8Dyg4Xhydahuh9iu2BeK99x6ueYUKUB3PADmB9a4CeM,1729797826,2024-10-24T19:23:46.000Z,TRANSFER,7oVNk1FRocsKydRF4MP8RTy261ZVG95dwstiMxwCcatQ,55TucCMtiDs2k4bXcNssMRNCX7LxYPb42cauJAhpXdoQ,2000000,out,2,6,EPjFWdd5AufqSSqeM2qN1xzybapC8G4wEGGkZwyTDt1v,1
gu3bMMDGn7Du6RKYGko4EduLNdMbmLoezs82Fg8GAiGp8Dyg4Xhydahuh9iu2BeK99x6ueYUKUB3PADmB9a4CeM,1729797826,2024-10-24T19:23:46.000Z,CREATE ACCOUNT,7oVNk1FRocsKydRF4MP8RTy261ZVG95dwstiMxwCcatQ,3jGh5aQfYjGX5u8N19p4Cnch6S2q5v1vzDMKmqYJJVUn,2039280,out,0.3612,9,SOL,1
qu5coXHPpSKTanqcJrw8BYMKeyXgQTRCeQZ4skqD3odnqs4LbH2dM1GnRGdD1kZinXkPDFvsHcfJTtoAHqwicuB,1729797391,2024-10-24T19:16:31.000Z,TRANSFER,GkrHWH16iawPbwUUTZYtgMV6VosYDVFY11Pt7AGvutAT,7oVNk1FRocsKydRF4MP8RTy261ZVG95dwstiMxwCcatQ,5253634,in,5.2536,6,EPjFWdd5AufqSSqeM2qN1xzybapC8G4wEGGkZwyTDt1v,1
4zsgdkWwiaPabPUQ426tH1tnsfDuW26tgaDkiaYHysDRFxXAKygsLrXWBLQLt4Tc6zKHdqatcsPcoRFacwVkVNC5,1729790513,2024-10-24T17:21:53.000Z,TRANSFER,7oVNk1FRocsKydRF4MP8RTy261ZVG95dwstiMxwCcatQ,BwKSzwkY3VaYz2HYQtXTv1RFearzH5nHxrW48X7TiVF5,639974750,out,639.97,6,EPjFWdd5AufqSSqeM2qN1xzybapC8G4wEGGkZwyTDt1v,1
4Lo25cFs8bkD17D899ffNAvDPoKNFnnPozkrPVnbhei4tyyoUPWvjw6mBxdCrBU14WDQGjBRHca75Qs7ZY2GDXWC,1729790492,2024-10-24T17:21:32.000Z,TRANSFER,HVoJWyPbQn4XikG9BY2A8wP27HJQzHAoDnAs1SfsATes,7oVNk1FRocsKydRF4MP8RTy261ZVG95dwstiMxwCcatQ,639974750,in,639.97,6,EPjFWdd5AufqSSqeM2qN1xzybapC8G4wEGGkZwyTDt1v,1
4Lo25cFs8bkD17D899ffNAvDPoKNFnnPozkrPVnbhei4tyyoUPWvjw6mBxdCrBU14WDQGjBRHca75Qs7ZY2GDXWC,1729790492,2024-10-24T17:21:32.000Z,TRANSFER,7oVNk1FRocsKydRF4MP8RTy261ZVG95dwstiMxwCcatQ,HVoJWyPbQn4XikG9BY2A8wP27HJQzHAoDnAs1SfsATes,3630427081,out,643.46,9,So11111111111111111111111111111111111111112,1
4Lo25cFs8bkD17D899ffNAvDPoKNFnnPozkrPVnbhei4tyyoUPWvjw6mBxdCrBU14WDQGjBRHca75Qs7ZY2GDXWC,1729790492,2024-10-24T17:21:32.000Z,TRANSFER,7oVNk1FRocsKydRF4MP8RTy261ZVG95dwstiMxwCcatQ,64daSHAJ8w6Jzny8ZVDAximvmcmAnND7cruhhXJxZ8cp,3632466361,out,643.38,9,SOL,1
4ZTKm2gAJCtRZFV5R4rej6pYbzw2oCkgrhJYQCNXKE6HrqWaeGBeyTPYp3bpnsQVvX8TQ7aED8ff92mbBy1J8DQ2,1729790437,2024-10-24T17:20:37.000Z,TRANSFER,5Q544fKrFoe6tsEbD7S8EmxGTJYAKtTVhAW5Q5pge4j1,7oVNk1FRocsKydRF4MP8RTy261ZVG95dwstiMxwCcatQ,304033507,in,53.89,9,So11111111111111111111111111111111111111112,1
4ZTKm2gAJCtRZFV5R4rej6pYbzw2oCkgrhJYQCNXKE6HrqWaeGBeyTPYp3bpnsQVvX8TQ7aED8ff92mbBy1J8DQ2,1729790437,2024-10-24T17:20:37.000Z,TRANSFER,7oVNk1FRocsKydRF4MP8RTy261ZVG95dwstiMxwCcatQ,5Q544fKrFoe6tsEbD7S8EmxGTJYAKtTVhAW5Q5pge4j1,8.82368E+11,out,38.1,6,9T8NC8Uouorwh417kQgvBX7NsasdFGc94cbzpEMCpump,1
4ZTKm2gAJCtRZFV5R4rej6pYbzw2oCkgrhJYQCNXKE6HrqWaeGBeyTPYp3bpnsQVvX8TQ7aED8ff92mbBy1J8DQ2,1729790437,2024-10-24T17:20:37.000Z,CREATE ACCOUNT,7oVNk1FRocsKydRF4MP8RTy261ZVG95dwstiMxwCcatQ,64daSHAJ8w6Jzny8ZVDAximvmcmAnND7cruhhXJxZ8cp,2039280,out,0.3612,9,SOL,1
5zPD8NAyPvcB7ADS94yrnLvgYAm1xWLFzkSxQJxzP1E6Xs1iehkZNPz3ajpdTV5gTTrMWcxXyDSeD8Z6BttMQiWt,1729790425,2024-10-24T17:20:25.000Z,TRANSFER,5Q544fKrFoe6tsEbD7S8EmxGTJYAKtTVhAW5Q5pge4j1,7oVNk1FRocsKydRF4MP8RTy261ZVG95dwstiMxwCcatQ,621192752,in,110.1,9,So11111111111111111111111111111111111111112,1
5zPD8NAyPvcB7ADS94yrnLvgYAm1xWLFzkSxQJxzP1E6Xs1iehkZNPz3ajpdTV5gTTrMWcxXyDSeD8Z6BttMQiWt,1729790425,2024-10-24T17:20:25.000Z,TRANSFER,7oVNk1FRocsKydRF4MP8RTy261ZVG95dwstiMxwCcatQ,5Q544fKrFoe6tsEbD7S8EmxGTJYAKtTVhAW5Q5pge4j1,37836878930,out,67.37,6,4qNX615pV1oufdodNoiBzUsrUE3ww57DYg6LsUtupump,1
5zPD8NAyPvcB7ADS94yrnLvgYAm1xWLFzkSxQJxzP1E6Xs1iehkZNPz3ajpdTV5gTTrMWcxXyDSeD8Z6BttMQiWt,1729790425,2024-10-24T17:20:25.000Z,CREATE ACCOUNT,7oVNk1FRocsKydRF4MP8RTy261ZVG95dwstiMxwCcatQ,64daSHAJ8w6Jzny8ZVDAximvmcmAnND7cruhhXJxZ8cp,2039280,out,0.3612,9,SOL,1
22tGW7rgAoCf1XWbcLZxSUMT1M6pUfKPCBjDrqyaELfeTQ4yaAZ1N4WTGZZCGAAXwC1Nn25nXYqt2pb7dLbEyNaE,1729790256,2024-10-24T17:17:36.000Z,TRANSFER,4ft1kXbScWr7JKJmtMyczU56ANaBuknofoGvq1QHEYvV,7oVNk1FRocsKydRF4MP8RTy261ZVG95dwstiMxwCcatQ,1204761360,in,213.53,9,So11111111111111111111111111111111111111112,1
22tGW7rgAoCf1XWbcLZxSUMT1M6pUfKPCBjDrqyaELfeTQ4yaAZ1N4WTGZZCGAAXwC1Nn25nXYqt2pb7dLbEyNaE,1729790256,2024-10-24T17:17:36.000Z,TRANSFER,7oVNk1FRocsKydRF4MP8RTy261ZVG95dwstiMxwCcatQ,4ft1kXbScWr7JKJmtMyczU56ANaBuknofoGvq1QHEYvV,4.921E+11,out,18.45,6,9dV5wyv4U9MHtz8r28JNmkVimrE7mAGDiddyK9e3pump,1
467Cw8mcy1mCZubm8Gv3SiHwMo6YSiM2HDUgWLkwpEiaxa3WBCZ7ThEEEsopMgW6y5yUjb6e18My7im8BeFQpgHZ,1729783836,2024-10-24T15:30:36.000Z,TRANSFER,7oVNk1FRocsKydRF4MP8RTy261ZVG95dwstiMxwCcatQ,47hEzz83VFR23rLTEeVm9A7eFzjJwjvdupPPmX3cePqF,9802960,out,1.7363,9,SOL,1
467Cw8mcy1mCZubm8Gv3SiHwMo6YSiM2HDUgWLkwpEiaxa3WBCZ7ThEEEsopMgW6y5yUjb6e18My7im8BeFQpgHZ,1729783836,2024-10-24T15:30:36.000Z,TRANSFER,5Q544fKrFoe6tsEbD7S8EmxGTJYAKtTVhAW5Q5pge4j1,7oVNk1FRocsKydRF4MP8RTy261ZVG95dwstiMxwCcatQ,37836878930,in,67.37,6,4qNX615pV1oufdodNoiBzUsrUE3ww57DYg6LsUtupump,1
467Cw8mcy1mCZubm8Gv3SiHwMo6YSiM2HDUgWLkwpEiaxa3WBCZ7ThEEEsopMgW6y5yUjb6e18My7im8BeFQpgHZ,1729783836,2024-10-24T15:30:36.000Z,TRANSFER,7oVNk1FRocsKydRF4MP8RTy261ZVG95dwstiMxwCcatQ,5Q544fKrFoe6tsEbD7S8EmxGTJYAKtTVhAW5Q5pge4j1,980296048,out,173.75,9,So11111111111111111111111111111111111111112,1
467Cw8mcy1mCZubm8Gv3SiHwMo6YSiM2HDUgWLkwpEiaxa3WBCZ7ThEEEsopMgW6y5yUjb6e18My7im8BeFQpgHZ,1729783836,2024-10-24T15:30:36.000Z,CREATE ACCOUNT,7oVNk1FRocsKydRF4MP8RTy261ZVG95dwstiMxwCcatQ,62kUegM5ntD4H19AumGGTEwjAXfS4obwMKBue5eTRXeo,2039280,out,0.3612,9,SOL,1
467Cw8mcy1mCZubm8Gv3SiHwMo6YSiM2HDUgWLkwpEiaxa3WBCZ7ThEEEsopMgW6y5yUjb6e18My7im8BeFQpgHZ,1729783836,2024-10-24T15:30:36.000Z,TRANSFER,7oVNk1FRocsKydRF4MP8RTy261ZVG95dwstiMxwCcatQ,3jGh5aQfYjGX5u8N19p4Cnch6S2q5v1vzDMKmqYJJVUn,980296048,out,173.63,9,SOL,1
467Cw8mcy1mCZubm8Gv3SiHwMo6YSiM2HDUgWLkwpEiaxa3WBCZ7ThEEEsopMgW6y5yUjb6e18My7im8BeFQpgHZ,1729783836,2024-10-24T15:30:36.000Z,TRANSFER,7oVNk1FRocsKydRF4MP8RTy261ZVG95dwstiMxwCcatQ,DfXygSm4jCyNCybVYYK6DwvWqjKee8pbDmJGcLWNDXjh,10000000,out,1.7712,9,SOL,1
4vt4TUAxSzHm1DuE18s3XQm4szwamy4NRZRaYvbPmd3PvX5x8SRAgzfRodxejrNvwunyu6q9QHGE4DPAoXYXEemE,1729782538,2024-10-24T15:08:58.000Z,TRANSFER,7oVNk1FRocsKydRF4MP8RTy261ZVG95dwstiMxwCcatQ,47hEzz83VFR23rLTEeVm9A7eFzjJwjvdupPPmX3cePqF,4901480,out,0.8681,9,SOL,1
4vt4TUAxSzHm1DuE18s3XQm4szwamy4NRZRaYvbPmd3PvX5x8SRAgzfRodxejrNvwunyu6q9QHGE4DPAoXYXEemE,1729782538,2024-10-24T15:08:58.000Z,TRANSFER,5Q544fKrFoe6tsEbD7S8EmxGTJYAKtTVhAW5Q5pge4j1,7oVNk1FRocsKydRF4MP8RTy261ZVG95dwstiMxwCcatQ,8.82368E+11,in,38.1,6,9T8NC8Uouorwh417kQgvBX7NsasdFGc94cbzpEMCpump,1
4vt4TUAxSzHm1DuE18s3XQm4szwamy4NRZRaYvbPmd3PvX5x8SRAgzfRodxejrNvwunyu6q9QHGE4DPAoXYXEemE,1729782538,2024-10-24T15:08:58.000Z,TRANSFER,7oVNk1FRocsKydRF4MP8RTy261ZVG95dwstiMxwCcatQ,5Q544fKrFoe6tsEbD7S8EmxGTJYAKtTVhAW5Q5pge4j1,490148023,out,86.87,9,So11111111111111111111111111111111111111112,1
4vt4TUAxSzHm1DuE18s3XQm4szwamy4NRZRaYvbPmd3PvX5x8SRAgzfRodxejrNvwunyu6q9QHGE4DPAoXYXEemE,1729782538,2024-10-24T15:08:58.000Z,CREATE ACCOUNT,7oVNk1FRocsKydRF4MP8RTy261ZVG95dwstiMxwCcatQ,G5FHR7TS5UVKK3VScFrMFkjUzjPJ23ET3aSLjYu8FKdT,2039280,out,0.3612,9,SOL,1
4vt4TUAxSzHm1DuE18s3XQm4szwamy4NRZRaYvbPmd3PvX5x8SRAgzfRodxejrNvwunyu6q9QHGE4DPAoXYXEemE,1729782538,2024-10-24T15:08:58.000Z,TRANSFER,7oVNk1FRocsKydRF4MP8RTy261ZVG95dwstiMxwCcatQ,3jGh5aQfYjGX5u8N19p4Cnch6S2q5v1vzDMKmqYJJVUn,490148023,out,86.81,9,SOL,1
4vt4TUAxSzHm1DuE18s3XQm4szwamy4NRZRaYvbPmd3PvX5x8SRAgzfRodxejrNvwunyu6q9QHGE4DPAoXYXEemE,1729782538,2024-10-24T15:08:58.000Z,CREATE ACCOUNT,7oVNk1FRocsKydRF4MP8RTy261ZVG95dwstiMxwCcatQ,3jGh5aQfYjGX5u8N19p4Cnch6S2q5v1vzDMKmqYJJVUn,2039280,out,0.3612,9,SOL,1
4vt4TUAxSzHm1DuE18s3XQm4szwamy4NRZRaYvbPmd3PvX5x8SRAgzfRodxejrNvwunyu6q9QHGE4DPAoXYXEemE,1729782538,2024-10-24T15:08:58.000Z,TRANSFER,7oVNk1FRocsKydRF4MP8RTy261ZVG95dwstiMxwCcatQ,ADaUMid9yfUytqMBgopwjb2DTLSokTSzL1zt6iGPaS49,10000000,out,1.7712,9,SOL,1
38shYpzNRHsXsENj8SWkwrm8ZTtfakUgmJrkEpemeM5A4kqN1SDF21enQPXmaYtxf3sq9EK4Nmyja3fMTvc7nE3y,1729782405,2024-10-24T15:06:45.000Z,TRANSFER,5Q544fKrFoe6tsEbD7S8EmxGTJYAKtTVhAW5Q5pge4j1,7oVNk1FRocsKydRF4MP8RTy261ZVG95dwstiMxwCcatQ,779571828,in,138.17,9,So11111111111111111111111111111111111111112,1
38shYpzNRHsXsENj8SWkwrm8ZTtfakUgmJrkEpemeM5A4kqN1SDF21enQPXmaYtxf3sq9EK4Nmyja3fMTvc7nE3y,1729782405,2024-10-24T15:06:45.000Z,TRANSFER,7oVNk1FRocsKydRF4MP8RTy261ZVG95dwstiMxwCcatQ,5Q544fKrFoe6tsEbD7S8EmxGTJYAKtTVhAW5Q5pge4j1,7.08943E+11,out,7.3998,6,4NJg5b3YSyj1rapAmyqmJoT3eamQFL1AZFiH4Wfrpump,1
3QQLYGqc3t3tFoh7eypLtFtkbqkf7oVE5x4LP2nDtyA4o4iVAKQxGCqWkzrBWU9zVzrQ8CVizoLssYgNvvHG1gXG,1729782312,2024-10-24T15:05:12.000Z,TRANSFER,7oVNk1FRocsKydRF4MP8RTy261ZVG95dwstiMxwCcatQ,47hEzz83VFR23rLTEeVm9A7eFzjJwjvdupPPmX3cePqF,9802960,out,1.7363,9,SOL,1
3QQLYGqc3t3tFoh7eypLtFtkbqkf7oVE5x4LP2nDtyA4o4iVAKQxGCqWkzrBWU9zVzrQ8CVizoLssYgNvvHG1gXG,1729782312,2024-10-24T15:05:12.000Z,TRANSFER,5Q544fKrFoe6tsEbD7S8EmxGTJYAKtTVhAW5Q5pge4j1,7oVNk1FRocsKydRF4MP8RTy261ZVG95dwstiMxwCcatQ,4.921E+11,in,18.45,6,9dV5wyv4U9MHtz8r28JNmkVimrE7mAGDiddyK9e3pump,1
3QQLYGqc3t3tFoh7eypLtFtkbqkf7oVE5x4LP2nDtyA4o4iVAKQxGCqWkzrBWU9zVzrQ8CVizoLssYgNvvHG1gXG,1729782312,2024-10-24T15:05:12.000Z,TRANSFER,7oVNk1FRocsKydRF4MP8RTy261ZVG95dwstiMxwCcatQ,5Q544fKrFoe6tsEbD7S8EmxGTJYAKtTVhAW5Q5pge4j1,980296048,out,173.75,9,So11111111111111111111111111111111111111112,1
3QQLYGqc3t3tFoh7eypLtFtkbqkf7oVE5x4LP2nDtyA4o4iVAKQxGCqWkzrBWU9zVzrQ8CVizoLssYgNvvHG1gXG,1729782312,2024-10-24T15:05:12.000Z,CREATE ACCOUNT,7oVNk1FRocsKydRF4MP8RTy261ZVG95dwstiMxwCcatQ,4S4w5YSc3u2izMN51q7daUCndVs4T88tz61xhLHF2jsS,2039280,out,0.3612,9,SOL,1
3QQLYGqc3t3tFoh7eypLtFtkbqkf7oVE5x4LP2nDtyA4o4iVAKQxGCqWkzrBWU9zVzrQ8CVizoLssYgNvvHG1gXG,1729782312,2024-10-24T15:05:12.000Z,TRANSFER,7oVNk1FRocsKydRF4MP8RTy261ZVG95dwstiMxwCcatQ,3jGh5aQfYjGX5u8N19p4Cnch6S2q5v1vzDMKmqYJJVUn,980296048,out,173.63,9,SOL,1
3QQLYGqc3t3tFoh7eypLtFtkbqkf7oVE5x4LP2nDtyA4o4iVAKQxGCqWkzrBWU9zVzrQ8CVizoLssYgNvvHG1gXG,1729782312,2024-10-24T15:05:12.000Z,TRANSFER,7oVNk1FRocsKydRF4MP8RTy261ZVG95dwstiMxwCcatQ,DttWaMuVvTiduZRnguLF7jNxTgiMBZ1hyAumKUiL2KRL,10000000,out,1.7712,9,SOL,1
crEgmQ8rNsHSLmCrSRC9KfuQfFJtLCV2aAwGJUGyujY3bLxkxHNwUfRSJWCioxUvXRM5uZy6hchrAf8kEx2a5Eo,1729781222,2024-10-24T14:47:02.000Z,TRANSFER,7oVNk1FRocsKydRF4MP8RTy261ZVG95dwstiMxwCcatQ,47hEzz83VFR23rLTEeVm9A7eFzjJwjvdupPPmX3cePqF,9802960,out,1.7363,9,SOL,1
crEgmQ8rNsHSLmCrSRC9KfuQfFJtLCV2aAwGJUGyujY3bLxkxHNwUfRSJWCioxUvXRM5uZy6hchrAf8kEx2a5Eo,1729781222,2024-10-24T14:47:02.000Z,TRANSFER,5Q544fKrFoe6tsEbD7S8EmxGTJYAKtTVhAW5Q5pge4j1,7oVNk1FRocsKydRF4MP8RTy261ZVG95dwstiMxwCcatQ,7.08943E+11,in,7.3998,6,4NJg5b3YSyj1rapAmyqmJoT3eamQFL1AZFiH4Wfrpump,1
crEgmQ8rNsHSLmCrSRC9KfuQfFJtLCV2aAwGJUGyujY3bLxkxHNwUfRSJWCioxUvXRM5uZy6hchrAf8kEx2a5Eo,1729781222,2024-10-24T14:47:02.000Z,TRANSFER,7oVNk1FRocsKydRF4MP8RTy261ZVG95dwstiMxwCcatQ,5Q544fKrFoe6tsEbD7S8EmxGTJYAKtTVhAW5Q5pge4j1,980296048,out,173.75,9,So11111111111111111111111111111111111111112,1
crEgmQ8rNsHSLmCrSRC9KfuQfFJtLCV2aAwGJUGyujY3bLxkxHNwUfRSJWCioxUvXRM5uZy6hchrAf8kEx2a5Eo,1729781222,2024-10-24T14:47:02.000Z,CREATE ACCOUNT,7oVNk1FRocsKydRF4MP8RTy261ZVG95dwstiMxwCcatQ,3huCAGJPnR3X3dkoX6NvE2dp5sFktbX5AkcHD3NUo7Se,2039280,out,0.3612,9,SOL,1
crEgmQ8rNsHSLmCrSRC9KfuQfFJtLCV2aAwGJUGyujY3bLxkxHNwUfRSJWCioxUvXRM5uZy6hchrAf8kEx2a5Eo,1729781222,2024-10-24T14:47:02.000Z,TRANSFER,7oVNk1FRocsKydRF4MP8RTy261ZVG95dwstiMxwCcatQ,3jGh5aQfYjGX5u8N19p4Cnch6S2q5v1vzDMKmqYJJVUn,980296048,out,173.63,9,SOL,1
crEgmQ8rNsHSLmCrSRC9KfuQfFJtLCV2aAwGJUGyujY3bLxkxHNwUfRSJWCioxUvXRM5uZy6hchrAf8kEx2a5Eo,1729781222,2024-10-24T14:47:02.000Z,CREATE ACCOUNT,7oVNk1FRocsKydRF4MP8RTy261ZVG95dwstiMxwCcatQ,3jGh5aQfYjGX5u8N19p4Cnch6S2q5v1vzDMKmqYJJVUn,2039280,out,0.3612,9,SOL,1
crEgmQ8rNsHSLmCrSRC9KfuQfFJtLCV2aAwGJUGyujY3bLxkxHNwUfRSJWCioxUvXRM5uZy6hchrAf8kEx2a5Eo,1729781222,2024-10-24T14:47:02.000Z,TRANSFER,7oVNk1FRocsKydRF4MP8RTy261ZVG95dwstiMxwCcatQ,ADaUMid9yfUytqMBgopwjb2DTLSokTSzL1zt6iGPaS49,10000000,out,1.7712,9,SOL,1
3qHh1o85bkTkfevcBHfYx3MNeAczfKMezuRZtiRxwQUboHXfoKSSm2v9JihyfFyf36Hu9MoAG4Gqg7JXATiifP4a,1729780307,2024-10-24T14:31:47.000Z,TRANSFER,GJRs4FwHtemZ5ZE9x3FNvJ8TMwitKTh21yxdRPqn7npE,7oVNk1FRocsKydRF4MP8RTy261ZVG95dwstiMxwCcatQ,4244956963,in,751.86,9,SOL,1
3jKQzhGH17a72M2uZtpRVYgk3cEW9V9iPJSBneocWhAb4TZpCYa9vwhKmu5jyH8uiKm5MdQPbQHrjATLZX29AFzZ,1712678110,2024-04-09T15:55:10.000Z,TRANSFER,7oVNk1FRocsKydRF4MP8RTy261ZVG95dwstiMxwCcatQ,GkrHWH16iawPbwUUTZYtgMV6VosYDVFY11Pt7AGvutAT,69950000,out,12.67,9,SOL,1
3K5CuzpzsyhseMMa7xmvc16MTiDLGsfSKAHpHe1sXCFSTGbKkfqviMyRcvk5qBG9YQezaNuXbqTEtBFcBJXwjzAH,1712677777,2024-04-09T15:49:37.000Z,TRANSFER,7oVNk1FRocsKydRF4MP8RTy261ZVG95dwstiMxwCcatQ,7LP9eGiS7CXkPoE4jJwZQADq4avnpLYFs2ePxhkabE3S,11228619969,out,11222.8,6,EPjFWdd5AufqSSqeM2qN1xzybapC8G4wEGGkZwyTDt1v,1
2i9HuXHv3j3x3cmP9RMWPRcUrkPHAavb6RH374fCv1T1UNRNkdEAdhvTHgFTqUbJWck4ANrDkfVn2S2ZRvtQTJ13,1712603153,2024-04-08T19:05:53.000Z,TRANSFER,GkrHWH16iawPbwUUTZYtgMV6VosYDVFY11Pt7AGvutAT,7oVNk1FRocsKydRF4MP8RTy261ZVG95dwstiMxwCcatQ,70000000,in,12.55,9,SOL,1
4BkW2DaGTWNiBAJukeeeowxvAcnhQoQgRYd8QpYGdXQmtGNRyiDzneZEK1FGho2s6xygtTirPaHXhAsw53jrbCs5,1712241791,2024-04-04T14:43:11.000Z,TRANSFER,7oVNk1FRocsKydRF4MP8RTy261ZVG95dwstiMxwCcatQ,GkrHWH16iawPbwUUTZYtgMV6VosYDVFY11Pt7AGvutAT,24950000,out,4.6473,9,SOL,1
5Le8mNkBSxvUmGTchnS51knZErN5SdcmWeavsKVWuHd4VaeYrrTHK7xNJh4prEQDjE7DNuPD2DB9Mex8isE2ARcV,1712241686,2024-04-04T14:41:26.000Z,TRANSFER,7oVNk1FRocsKydRF4MP8RTy261ZVG95dwstiMxwCcatQ,7LP9eGiS7CXkPoE4jJwZQADq4avnpLYFs2ePxhkabE3S,11300000000,out,11297.22,6,EPjFWdd5AufqSSqeM2qN1xzybapC8G4wEGGkZwyTDt1v,1
4qUNbxMCxrb1ywSvmtpTSqpdznjtWwSCtqdJJtgMSTDeKxQuFar2BiHjR6YzjvymK5tAp4K86Aqh5jABk2ap5zPP,1712241650,2024-04-04T14:40:50.000Z,TRANSFER,GkrHWH16iawPbwUUTZYtgMV6VosYDVFY11Pt7AGvutAT,7oVNk1FRocsKydRF4MP8RTy261ZVG95dwstiMxwCcatQ,25000000,in,4.6566,9,SOL,1
4kNLBABrXTE6Av523sTy9KjLxPaWy451wJ4o7fJtWLwGF7sKUZ5pUn9MTjMA8ZFdA56qXDzH3r8MqU4wYUeMRWoZ,1712153152,2024-04-03T14:05:52.000Z,TRANSFER,7oVNk1FRocsKydRF4MP8RTy261ZVG95dwstiMxwCcatQ,GkrHWH16iawPbwUUTZYtgMV6VosYDVFY11Pt7AGvutAT,9670000,out,1.7673,9,SOL,1
3tstfTZ38pBhtSbmHY1zNby66WtNxy84Zxhq8x4smpK1nA8nmkMikRJoFpymq33ZM1BQ9inpuWS1qbFaw3VcQs6F,1712153108,2024-04-03T14:05:08.000Z,TRANSFER,3LoAYHuSd7Gh8d7RTFnhvYtiTiefdZ5ByamU42vkzd76,7oVNk1FRocsKydRF4MP8RTy261ZVG95dwstiMxwCcatQ,10064540965,in,10057.86,6,EPjFWdd5AufqSSqeM2qN1xzybapC8G4wEGGkZwyTDt1v,1
3tstfTZ38pBhtSbmHY1zNby66WtNxy84Zxhq8x4smpK1nA8nmkMikRJoFpymq33ZM1BQ9inpuWS1qbFaw3VcQs6F,1712153108,2024-04-03T14:05:08.000Z,TRANSFER,7oVNk1FRocsKydRF4MP8RTy261ZVG95dwstiMxwCcatQ,3LoAYHuSd7Gh8d7RTFnhvYtiTiefdZ5ByamU42vkzd76,53115837577,out,9707.25,9,So11111111111111111111111111111111111111112,1
3tstfTZ38pBhtSbmHY1zNby66WtNxy84Zxhq8x4smpK1nA8nmkMikRJoFpymq33ZM1BQ9inpuWS1qbFaw3VcQs6F,1712153108,2024-04-03T14:05:08.000Z,TRANSFER,7oVNk1FRocsKydRF4MP8RTy261ZVG95dwstiMxwCcatQ,3jGh5aQfYjGX5u8N19p4Cnch6S2q5v1vzDMKmqYJJVUn,53115837577,out,9707.25,9,SOL,1
3tstfTZ38pBhtSbmHY1zNby66WtNxy84Zxhq8x4smpK1nA8nmkMikRJoFpymq33ZM1BQ9inpuWS1qbFaw3VcQs6F,1712153108,2024-04-03T14:05:08.000Z,CREATE ACCOUNT,7oVNk1FRocsKydRF4MP8RTy261ZVG95dwstiMxwCcatQ,3jGh5aQfYjGX5u8N19p4Cnch6S2q5v1vzDMKmqYJJVUn,2039280,out,0.3727,9,SOL,1
3DYh1GJiuPimF1vfZiMTMwFCjBnpkFGhLREEeofc6fLFHMS42Qw6T67dHJWHkgrJCWNEt1LooW4d54dQfpVbUGBB,1712152539,2024-04-03T13:55:39.000Z,TRANSFER,Biw4eeaiYYYq6xSqEd7GzdwsrrndxA8mqdxfAtG3PTUU,7oVNk1FRocsKydRF4MP8RTy261ZVG95dwstiMxwCcatQ,53100000000,in,9704.36,9,SOL,1
5C4HwQjLvM7jxkNnSVijrbKCQuCSUwBum5CqjLXiZrahTB9LT5ysANjMcdqcrFngAEQ8TiQ6DAZCz1HYvQNxnCMX,1712082959,2024-04-02T18:35:59.000Z,TRANSFER,5nNWoNmpXVKpJsF2tX4gRcx445ea9MwtWvm8WDrtqYWW,7oVNk1FRocsKydRF4MP8RTy261ZVG95dwstiMxwCcatQ,2400000000,in,2399.05,6,EPjFWdd5AufqSSqeM2qN1xzybapC8G4wEGGkZwyTDt1v,1
5C4HwQjLvM7jxkNnSVijrbKCQuCSUwBum5CqjLXiZrahTB9LT5ysANjMcdqcrFngAEQ8TiQ6DAZCz1HYvQNxnCMX,1712082959,2024-04-02T18:35:59.000Z,TRANSFER,5nNWoNmpXVKpJsF2tX4gRcx445ea9MwtWvm8WDrtqYWW,7oVNk1FRocsKydRF4MP8RTy261ZVG95dwstiMxwCcatQ,2400000000,in,2399.05,6,EPjFWdd5AufqSSqeM2qN1xzybapC8G4wEGGkZwyTDt1v,1
2LGS7Z4tHJWe43uR53jrhPxFs5zkw6DmzWN6egZwXZqvGVGfzg69Sp5NM4mU5jgrN3xY2N6R3fQZmuRK4Yd88EqJ,1712082902,2024-04-02T18:35:02.000Z,TRANSFER,7oVNk1FRocsKydRF4MP8RTy261ZVG95dwstiMxwCcatQ,5nNWoNmpXVKpJsF2tX4gRcx445ea9MwtWvm8WDrtqYWW,1.67448E+12,out,2503.45,9,GDfnEsia2WLAW5t8yx2X5j2mkfA74i5kwGdDuZHt7XmG,1
2LGS7Z4tHJWe43uR53jrhPxFs5zkw6DmzWN6egZwXZqvGVGfzg69Sp5NM4mU5jgrN3xY2N6R3fQZmuRK4Yd88EqJ,1712082902,2024-04-02T18:35:02.000Z,TRANSFER,7oVNk1FRocsKydRF4MP8RTy261ZVG95dwstiMxwCcatQ,5nNWoNmpXVKpJsF2tX4gRcx445ea9MwtWvm8WDrtqYWW,1.67448E+12,out,2503.45,9,GDfnEsia2WLAW5t8yx2X5j2mkfA74i5kwGdDuZHt7XmG,1
3cU9r5dJkP51RfAyHqRkWdLxUd66JSKwSUwDdu4dHdeUHoaHf6bGovPo73KZVDtW61EddBG5QvvMMRi52B133LqA,1712082800,2024-04-02T18:33:20.000Z,TRANSFER,3CgvbiM3op4vjrrjH2zcrQUwsqh5veNVRjFCB9N6sRoD,7oVNk1FRocsKydRF4MP8RTy261ZVG95dwstiMxwCcatQ,1.67448E+12,in,2503.45,9,GDfnEsia2WLAW5t8yx2X5j2mkfA74i5kwGdDuZHt7XmG,1
3cU9r5dJkP51RfAyHqRkWdLxUd66JSKwSUwDdu4dHdeUHoaHf6bGovPo73KZVDtW61EddBG5QvvMMRi52B133LqA,1712082800,2024-04-02T18:33:20.000Z,TRANSFER,7oVNk1FRocsKydRF4MP8RTy261ZVG95dwstiMxwCcatQ,3CgvbiM3op4vjrrjH2zcrQUwsqh5veNVRjFCB9N6sRoD,2400000000,out,2399.05,6,EPjFWdd5AufqSSqeM2qN1xzybapC8G4wEGGkZwyTDt1v,1
3cU9r5dJkP51RfAyHqRkWdLxUd66JSKwSUwDdu4dHdeUHoaHf6bGovPo73KZVDtW61EddBG5QvvMMRi52B133LqA,1712082800,2024-04-02T18:33:20.000Z,CREATE ACCOUNT,7oVNk1FRocsKydRF4MP8RTy261ZVG95dwstiMxwCcatQ,7oVNk1FRocsKydRF4MP8RTy261ZVG95dwstiMxwCcatQ,2039280,out,0.3941,9,SOL,1
3cU9r5dJkP51RfAyHqRkWdLxUd66JSKwSUwDdu4dHdeUHoaHf6bGovPo73KZVDtW61EddBG5QvvMMRi52B133LqA,1712082800,2024-04-02T18:33:20.000Z,TRANSFER,3CgvbiM3op4vjrrjH2zcrQUwsqh5veNVRjFCB9N6sRoD,7oVNk1FRocsKydRF4MP8RTy261ZVG95dwstiMxwCcatQ,1.67448E+12,in,2503.45,9,GDfnEsia2WLAW5t8yx2X5j2mkfA74i5kwGdDuZHt7XmG,1
3cU9r5dJkP51RfAyHqRkWdLxUd66JSKwSUwDdu4dHdeUHoaHf6bGovPo73KZVDtW61EddBG5QvvMMRi52B133LqA,1712082800,2024-04-02T18:33:20.000Z,TRANSFER,7oVNk1FRocsKydRF4MP8RTy261ZVG95dwstiMxwCcatQ,3CgvbiM3op4vjrrjH2zcrQUwsqh5veNVRjFCB9N6sRoD,2400000000,out,2399.05,6,EPjFWdd5AufqSSqeM2qN1xzybapC8G4wEGGkZwyTDt1v,1
5sBDiuUxYxCyY52Cz2Su7zuvoJsHm57G4uQxTueTxq4NFTLMCNxC89o8P4EvEbuqWEuStN67DfiTEnbGSjyHpWxi,1712066331,2024-04-02T13:58:51.000Z,TRANSFER,7oVNk1FRocsKydRF4MP8RTy261ZVG95dwstiMxwCcatQ,7oVNk1FRocsKydRF4MP8RTy261ZVG95dwstiMxwCcatQ,60000000000,out,11595.61,9,SOL,1
5sBDiuUxYxCyY52Cz2Su7zuvoJsHm57G4uQxTueTxq4NFTLMCNxC89o8P4EvEbuqWEuStN67DfiTEnbGSjyHpWxi,1712066331,2024-04-02T13:58:51.000Z,TRANSFER,7oVNk1FRocsKydRF4MP8RTy261ZVG95dwstiMxwCcatQ,GP8StUXNYSZjPikyRsvkTbvRV1GBxMErb59cpeCJnDf1,60000000000,out,11595.61,9,So11111111111111111111111111111111111111112,1
5sBDiuUxYxCyY52Cz2Su7zuvoJsHm57G4uQxTueTxq4NFTLMCNxC89o8P4EvEbuqWEuStN67DfiTEnbGSjyHpWxi,1712066331,2024-04-02T13:58:51.000Z,TRANSFER,GP8StUXNYSZjPikyRsvkTbvRV1GBxMErb59cpeCJnDf1,7oVNk1FRocsKydRF4MP8RTy261ZVG95dwstiMxwCcatQ,10695778158,in,10691.56,6,EPjFWdd5AufqSSqeM2qN1xzybapC8G4wEGGkZwyTDt1v,1
5sBDiuUxYxCyY52Cz2Su7zuvoJsHm57G4uQxTueTxq4NFTLMCNxC89o8P4EvEbuqWEuStN67DfiTEnbGSjyHpWxi,1712066331,2024-04-02T13:58:51.000Z,TRANSFER,7oVNk1FRocsKydRF4MP8RTy261ZVG95dwstiMxwCcatQ,GP8StUXNYSZjPikyRsvkTbvRV1GBxMErb59cpeCJnDf1,60000000000,out,11595.61,9,So11111111111111111111111111111111111111112,1
5sBDiuUxYxCyY52Cz2Su7zuvoJsHm57G4uQxTueTxq4NFTLMCNxC89o8P4EvEbuqWEuStN67DfiTEnbGSjyHpWxi,1712066331,2024-04-02T13:58:51.000Z,TRANSFER,7oVNk1FRocsKydRF4MP8RTy261ZVG95dwstiMxwCcatQ,3jGh5aQfYjGX5u8N19p4Cnch6S2q5v1vzDMKmqYJJVUn,60000000000,out,11595.61,9,SOL,1
5sBDiuUxYxCyY52Cz2Su7zuvoJsHm57G4uQxTueTxq4NFTLMCNxC89o8P4EvEbuqWEuStN67DfiTEnbGSjyHpWxi,1712066331,2024-04-02T13:58:51.000Z,CREATE ACCOUNT,7oVNk1FRocsKydRF4MP8RTy261ZVG95dwstiMxwCcatQ,3jGh5aQfYjGX5u8N19p4Cnch6S2q5v1vzDMKmqYJJVUn,2039280,out,0.3941,9,SOL,1
5sBDiuUxYxCyY52Cz2Su7zuvoJsHm57G4uQxTueTxq4NFTLMCNxC89o8P4EvEbuqWEuStN67DfiTEnbGSjyHpWxi,1712066331,2024-04-02T13:58:51.000Z,TRANSFER,GP8StUXNYSZjPikyRsvkTbvRV1GBxMErb59cpeCJnDf1,7oVNk1FRocsKydRF4MP8RTy261ZVG95dwstiMxwCcatQ,10695778158,in,10691.56,6,EPjFWdd5AufqSSqeM2qN1xzybapC8G4wEGGkZwyTDt1v,1
2wGNmiDoeRXBXRZCxkZCaDABqHG91imbVjf1Qhxrzh7qddqbpq5etNZxCxcESNeqzFsy67x4HpdsTjLM3JHxZrQx,1712065969,2024-04-02T13:52:49.000Z,TRANSFER,Biw4eeaiYYYq6xSqEd7GzdwsrrndxA8mqdxfAtG3PTUU,7oVNk1FRocsKydRF4MP8RTy261ZVG95dwstiMxwCcatQ,60000000000,in,11595.61,9,SOL,1
2wGNmiDoeRXBXRZCxkZCaDABqHG91imbVjf1Qhxrzh7qddqbpq5etNZxCxcESNeqzFsy67x4HpdsTjLM3JHxZrQx,1712065969,2024-04-02T13:52:49.000Z,TRANSFER,Biw4eeaiYYYq6xSqEd7GzdwsrrndxA8mqdxfAtG3PTUU,7oVNk1FRocsKydRF4MP8RTy261ZVG95dwstiMxwCcatQ,60000000000,in,11595.61,9,SOL,1
KRoWVvqptUzpxnaYhBjdyKNTbjxa9Yb7mVq42GQk3H5NKVGzEEuH4jemEkeMffJHwVViueCdJ19Aw9drS6sAGed,1712064236,2024-04-02T13:23:56.000Z,TRANSFER,7oVNk1FRocsKydRF4MP8RTy261ZVG95dwstiMxwCcatQ,7oVNk1FRocsKydRF4MP8RTy261ZVG95dwstiMxwCcatQ,9970000000,out,1926.8,9,SOL,1
KRoWVvqptUzpxnaYhBjdyKNTbjxa9Yb7mVq42GQk3H5NKVGzEEuH4jemEkeMffJHwVViueCdJ19Aw9drS6sAGed,1712064236,2024-04-02T13:23:56.000Z,TRANSFER,69yhtoJR4JYPPABZcSNkzuqbaFbwHsCkja1sP1Q2aVT5,7oVNk1FRocsKydRF4MP8RTy261ZVG95dwstiMxwCcatQ,1768300845,in,1767.6,6,EPjFWdd5AufqSSqeM2qN1xzybapC8G4wEGGkZwyTDt1v,1
KRoWVvqptUzpxnaYhBjdyKNTbjxa9Yb7mVq42GQk3H5NKVGzEEuH4jemEkeMffJHwVViueCdJ19Aw9drS6sAGed,1712064236,2024-04-02T13:23:56.000Z,TRANSFER,7oVNk1FRocsKydRF4MP8RTy261ZVG95dwstiMxwCcatQ,69yhtoJR4JYPPABZcSNkzuqbaFbwHsCkja1sP1Q2aVT5,9970000000,out,1926.8,9,So11111111111111111111111111111111111111112,1
KRoWVvqptUzpxnaYhBjdyKNTbjxa9Yb7mVq42GQk3H5NKVGzEEuH4jemEkeMffJHwVViueCdJ19Aw9drS6sAGed,1712064236,2024-04-02T13:23:56.000Z,CREATE ACCOUNT,7oVNk1FRocsKydRF4MP8RTy261ZVG95dwstiMxwCcatQ,7oVNk1FRocsKydRF4MP8RTy261ZVG95dwstiMxwCcatQ,2039280,out,0.3941,9,SOL,1
KRoWVvqptUzpxnaYhBjdyKNTbjxa9Yb7mVq42GQk3H5NKVGzEEuH4jemEkeMffJHwVViueCdJ19Aw9drS6sAGed,1712064236,2024-04-02T13:23:56.000Z,TRANSFER,7oVNk1FRocsKydRF4MP8RTy261ZVG95dwstiMxwCcatQ,3jGh5aQfYjGX5u8N19p4Cnch6S2q5v1vzDMKmqYJJVUn,9970000000,out,1926.8,9,SOL,1
KRoWVvqptUzpxnaYhBjdyKNTbjxa9Yb7mVq42GQk3H5NKVGzEEuH4jemEkeMffJHwVViueCdJ19Aw9drS6sAGed,1712064236,2024-04-02T13:23:56.000Z,CREATE ACCOUNT,7oVNk1FRocsKydRF4MP8RTy261ZVG95dwstiMxwCcatQ,3jGh5aQfYjGX5u8N19p4Cnch6S2q5v1vzDMKmqYJJVUn,2039280,out,0.3941,9,SOL,1
KRoWVvqptUzpxnaYhBjdyKNTbjxa9Yb7mVq42GQk3H5NKVGzEEuH4jemEkeMffJHwVViueCdJ19Aw9drS6sAGed,1712064236,2024-04-02T13:23:56.000Z,TRANSFER,7oVNk1FRocsKydRF4MP8RTy261ZVG95dwstiMxwCcatQ,69yhtoJR4JYPPABZcSNkzuqbaFbwHsCkja1sP1Q2aVT5,9970000000,out,1926.8,9,So11111111111111111111111111111111111111112,1
KRoWVvqptUzpxnaYhBjdyKNTbjxa9Yb7mVq42GQk3H5NKVGzEEuH4jemEkeMffJHwVViueCdJ19Aw9drS6sAGed,1712064236,2024-04-02T13:23:56.000Z,TRANSFER,69yhtoJR4JYPPABZcSNkzuqbaFbwHsCkja1sP1Q2aVT5,7oVNk1FRocsKydRF4MP8RTy261ZVG95dwstiMxwCcatQ,1768300845,in,1767.6,6,EPjFWdd5AufqSSqeM2qN1xzybapC8G4wEGGkZwyTDt1v,1
4S1FafPWpQFKWRnSPCpBKvpEnnHsS6i8R9s2pkGioaX9hcP3vssbyae37mttbhhdAKgqejhLL84C8DoSj3AatYsh,1712064140,2024-04-02T13:22:20.000Z,TRANSFER,Biw4eeaiYYYq6xSqEd7GzdwsrrndxA8mqdxfAtG3PTUU,7oVNk1FRocsKydRF4MP8RTy261ZVG95dwstiMxwCcatQ,10000000000,in,1932.6,9,SOL,1
4S1FafPWpQFKWRnSPCpBKvpEnnHsS6i8R9s2pkGioaX9hcP3vssbyae37mttbhhdAKgqejhLL84C8DoSj3AatYsh,1712064140,2024-04-02T13:22:20.000Z,TRANSFER,Biw4eeaiYYYq6xSqEd7GzdwsrrndxA8mqdxfAtG3PTUU,7oVNk1FRocsKydRF4MP8RTy261ZVG95dwstiMxwCcatQ,10000000000,in,1932.6,9,SOL,1
